CustomerID,FirstName,LastName,Email,PhoneNumber,CreateDate
1,Christopher,Yoder,brettrobinson@example.org,+1-504-469-8059,2023-10-02
2,Robin,Williams,greercindy@example.com,,2021-06-10
3,Madeline,Hammond,isaacrosales@example.com,2375750991,2020-10-30
4,Mark,Robertson,leesmith@example.org,9609318511,2022-06-17
5,Allison,Berger,mcleancrystal@example.net,(370)357-3412x5361,2021-09-07
6,Michael,Hoffman,joshua13@example.org,(534)914-1001x97410,2023-08-15
7,Shawn,Smith,elizabeth57@example.org,+1-975-272-8270x655,2022-01-20
8,Paul,Moreno,smithjillian@example.net,+1-719-507-1671x02646,2022-06-14
9,Jacqueline,Gonzalez,szavala@example.org,862.293.6664,2022-05-04
10,Stephanie,Stevenson,danielle71@example.org,920.420.7558,2022-10-15
11,Robert,Sawyer,mary58@example.org,471.617.4901x50521,2021-11-16
12,Katherine,Christensen,lewisderek@example.com,356.954.9613x479,2020-11-22
13,Heidi,Spencer,nicolemclean@example.com,001-744-404-7064x72126,2021-07-21
14,Brian,Olson,tracilynch@example.org,001-560-518-8866,2024-03-28
15,Sherry,Adams,matthew82@example.net,+1-724-938-4579,2022-03-27
16,Tiffany,Hudson,edgar25@example.org,001-805-487-3798,2022-04-10
17,Anita,Walls,jessemartin@example.org,328-904-2601x27207,2022-06-26
18,Sergio,Ellis,erica46@example.com,(572)330-1791,2022-11-17
19,Jason,Murphy,jacksonkaren@example.org,640.582.4733,2022-08-28
20,Amy,Martin,joel54@example.com,,2022-08-05
21,Steven,Ramos,williamsbrittany@example.org,,2022-04-23
22,Caitlin,Rodriguez,palmersara@example.org,+1-595-772-2196,2023-05-31
23,Brian,Davis,wallstiffany@example.net,863.645.6289x47744,2021-06-09
24,Wayne,Nguyen,ryan11@example.net,214-928-8481x4851,2021-10-15
25,Heidi,Silva,diane41@example.net,(476)394-0714,2022-03-01
26,Erin,Hall,alexander66@example.org,001-636-233-0556,2020-08-02
27,Jennifer,Gomez,fhernandez@example.net,,2021-07-17
28,Jeremy,Rodriguez,chrismoore@example.org,873.659.2807x982,2024-01-17
29,Leah,Hunter,nicholsmary@example.net,681.403.9216x779,2021-12-07
30,Christian,Martinez,lesliechung@example.com,411-544-3564x4244,2022-01-22
31,Vincent,Jones,jacobstewart@example.net,001-761-274-9409x0502,2021-05-24
32,Dustin,Holmes,marco38@example.net,,2023-04-30
33,Alison,Reese,ijohnson@example.org,660-265-2445x92712,2020-12-05
34,Vicki,Rodriguez,stefanie23@example.com,638.734.4731,2021-12-25
35,Crystal,Chaney,gomezalyssa@example.net,001-288-464-2856,2023-08-29
36,Christopher,Mendoza,mmoran@example.net,455.289.2804,2024-06-10
37,Kim,Daniel,schristian@example.net,+1-266-720-7277x2387,2022-03-08
38,Wayne,Delgado,andrew91@example.net,639.771.9210x494,2020-12-02
39,Stephen,Jackson,milleralice@example.org,,2023-10-15
40,Kenneth,Atkins,zwerner@example.net,242.723.9980x510,2022-07-09
41,Randy,Smith,danielknapp@example.org,+1-677-968-8142x71327,2020-10-26
42,Kelly,Smith,jessicaadams@example.net,001-474-935-1893x489,2022-02-03
43,Joshua,Schmidt,mendozarichard@example.org,456.367.8043,2024-02-29
44,Amanda,Moreno,maryrowe@example.net,(402)749-2450x99952,2023-04-02
45,Tyler,Butler,walkersteven@example.com,556.933.7793x56890,2021-12-09
46,Jason,White,daniel28@example.net,6888488158,2021-12-24
47,Jade,Garcia,alexanderrogers@example.com,499-921-0473,2020-07-25
48,Derek,Lawrence,figueroalonnie@example.net,,2023-06-12
49,William,Smith,kevinanderson@example.com,,2022-02-23
50,Robin,Foley,btrujillo@example.com,(353)332-2401x4084,2023-12-14
51,Mark,Miller,ericcole@example.com,512-206-7430,2023-11-24
52,Rebecca,Small,landryryan@example.com,802-390-0682x4800,2023-05-13
53,Adam,Schmidt,iscott@example.net,,2022-03-12
54,Amanda,Martinez,xpitts@example.com,993.913.0664,2022-01-26
55,Kyle,Wolf,gwhitaker@example.com,+1-346-581-6504x748,2022-04-20
56,John,Gutierrez,lawrencedeborah@example.com,7779318901,2021-05-03
57,Courtney,Wang,bbray@example.org,+1-507-436-6937x85944,2023-09-19
58,Nicole,Patton,aaronolsen@example.com,691.427.8244,2022-10-26
59,Jennifer,Berg,davidmorton@example.com,,2023-05-02
60,Elizabeth,Sanders,icopeland@example.com,261-903-1651x6629,2023-10-25
61,Patrick,Rocha,megannichols@example.com,693.427.8808,2023-12-07
62,James,Dickerson,lgreene@example.com,(440)769-8457x4685,2023-07-04
63,Nicole,Robinson,batesvalerie@example.org,432.257.9790x999,2023-10-18
64,Amy,White,katherine97@example.org,4373085672,2022-04-10
65,Tiffany,Cruz,matthewjackson@example.net,(832)338-8217x1477,2023-09-04
66,Allison,Bradley,barrerawilliam@example.com,(462)746-2032x0061,2020-08-20
67,Kayla,Robbins,daniel60@example.net,736.460.1799,2024-06-18
68,Kimberly,Shepherd,omoreno@example.org,,2020-09-05
69,James,Johns,dleach@example.com,+1-243-974-8211x40121,2023-03-02
70,Tiffany,Thompson,nancyvaldez@example.org,,2020-10-10
71,Brett,Gonzalez,cynthia67@example.com,+1-329-230-0128,2024-05-31
72,John,Cowan,markreed@example.net,644.741.9787,2020-12-04
73,Olivia,Santos,pauljackson@example.net,297.988.4705,2023-05-03
74,Carlos,Butler,ashley18@example.net,808-618-5699x97893,2022-03-18
75,Christian,Burns,deborahhicks@example.org,(998)440-9378,2021-06-04
76,Abigail,Rivera,howarddaniel@example.org,(722)977-7910,2020-08-19
77,Joshua,Cameron,ywright@example.org,,2021-03-25
78,Jerry,Fuller,iprice@example.net,,2021-10-24
79,Michael,Whitney,anthony66@example.org,,2021-07-17
80,Melinda,Wagner,jaguilar@example.org,578.607.6255x26072,2023-08-31
81,David,Barrett,aalvarez@example.org,5923621108,2022-10-30
82,Timothy,Ward,ryanjohn@example.com,(321)905-9846,2021-12-22
83,Crystal,Sharp,ojohnson@example.org,,2022-05-27
84,Andre,Santos,isabellahorn@example.org,(442)804-3522,2022-04-22
85,Debra,Randall,pamelagaines@example.org,6125439581,2023-04-01
86,Danielle,Baker,carrollshannon@example.com,901.479.2376x0139,2023-01-29
87,Pamela,Mora,davidlee@example.net,(529)927-3247x32474,2022-05-18
88,Heather,Bennett,jessica86@example.org,319-868-8624x1152,2020-12-26
89,Michael,Rivers,mirandamendoza@example.com,,2022-06-19
90,James,Johnson,tday@example.net,,2022-09-18
91,Sydney,Brown,hernandezkimberly@example.org,543-490-4031x308,2023-10-02
92,Amy,Martin,olsonronald@example.com,+1-432-679-0067,2021-02-01
93,James,Jackson,normanlewis@example.org,,2022-06-14
94,Elizabeth,Smith,thomasandrea@example.net,4858991200,2022-03-10
95,Lisa,Humphrey,brandi60@example.net,001-875-698-0811x924,2023-05-02
96,Andrew,Cardenas,jesse76@example.net,4293115862,2022-02-08
97,Rebecca,Carpenter,loganjoseph@example.net,219.388.7986,2024-03-04
98,Gary,Petersen,vleonard@example.net,476-586-9028,2023-12-01
99,Andrea,Robinson,woodjames@example.org,(291)293-5958,2023-02-15
100,Rachel,Williams,jessica81@example.org,,2023-11-23
